sep=,

June 15. 2018
Sensor Datalog
Time,Time,Pressure,Temperature,Humidity,Acceleration(XYZ),,,Angular Rate(XYZ),,,Mag Field(XYZ),,,
[h:m],[s],[hPa],[°C],[%],[mg],[mg],[mg],[mdps],[mdps],[mdps],[mGauss],[mGauss],[mGauss],
 9:31,02.03,,,,,,,,,,139,172,-57,
 9:31,02.04,,,,,,,,,,183,316,508,
 9:31,02.05,,,,,,,,,,91,342,-498,
 9:31,02.07,,,,,,,,,,109,448,-243,
 9:31,02.08,,,,,,,,,,148,133,93,
 9:31,02.10,,,,,,,,,,172,298,-435,
 9:31,02.11,,,,,,,,,,196,175,657,
 9:31,02.12,,,,,,,,,,112,439,-355,
 9:31,02.14,,,,,,,,,,156,393,244,
 9:31,02.15,,,,,,,,,,111,250,-351,
 9:31,02.17,,,,,,,,,,195,211,658,
 9:31,02.18,,,,,,,,,,181,112,387,
 9:31,02.19,,,,,,,,,,138,418,93,
 9:31,02.21,,,,,,,,,,187,255,618,
 9:31,02.22,,,,,,,,,,96,396,-492,
 9:31,02.23,,,,,,,,,,193,111,516,
 9:31,02.25,,,,,,,,,,132,174,-102,
 9:31,02.26,,,,,,,,,,184,301,541,
 9:31,02.28,,,,,,,,,,192,142,601,
 9:31,02.29,,,,,,,,,,117,451,-207,
 9:31,02.30,,,,,,,,,,148,142,58,
 9:31,02.32,,,,,,,,,,111,321,-475,
 9:31,02.33,,,,,,,,,,195,156,646,
 9:31,02.34,,,,,,,,,,162,136,178,
 9:31,02.36,,,,,,,,,,151,379,307,
 9:31,02.37,,,,,,,,,,108,279,-403,
 9:31,02.39,,,,,,,,,,102,433,-415,
 9:31,02.40,,,,,,,,,,171,118,334,
 9:31,02.41,,,,,,,,,,120,232,-292,
 9:31,02.42,,,,,,,,,,192,246,643,
 9:31,02.44,,,,,,,,,,88,402,-487,
 9:31,02.46,,,,,,,,,,130,433,1,
 9:31,02.47,,,,,,,,,,135,193,-157,
 9:31,02.48,,,,,,,,,,87,367,-505,
 9:31,02.50,,,,,,,,,,193,130,570,
 9:31,02.51,,,,,,,,,,111,447,-159,
 9:31,02.52,,,,,,,,,,177,325,469,
 9:31,02.54,,,,,,,,,,99,322,-477,
 9:31,02.55,,,,,,,,,,102,445,-294,
 9:31,02.57,,,,,,,,,,157,124,156,
 9:31,02.58,,,,,,,,,,159,364,339,
 9:31,02.59,,,,,,,,,,196,189,672,
 9:31,02.60,,,,,,,,,,103,430,-390,
 9:31,02.62,,,,,,,,,,147,402,187,
 9:31,02.63,,,,,,,,,,121,237,-313,
 9:31,02.65,,,,,,,,,,207,225,643,
 9:31,02.66,,,,,,,,,,183,118,447,
 9:31,02.67,,,,,,,,,,133,427,27,
 9:31,02.69,,,,,,,,,,187,271,595,
 9:31,02.70,,,,,,,,,,94,376,-493,
 9:31,02.72,,,,,,,,,,193,132,547,
 9:31,02.73,,,,,,,,,,144,162,-39,
 9:31,02.75,,,,,,,,,,183,327,490,
 9:31,02.76,,,,,,,,,,195,148,630,
 9:31,02.77,,,,,,,,,,111,445,-273,
 9:31,02.78,,,,,,,,,,159,135,120,
 9:31,02.80,,,,,,,,,,103,286,-430,
 9:31,02.81,,,,,,,,,,199,178,664,
 9:31,02.83,,,,,,,,,,174,124,285,
 9:31,02.84,,,,,,,,,,147,394,207,
 9:31,02.85,,,,,,,,,,114,250,-336,
 9:31,02.87,,,,,,,,,,93,418,-456,
 9:31,02.88,,,,,,,,,,183,114,423,
 9:31,02.89,,,,,,,,,,123,202,-201,
 9:31,02.91,,,,,,,,,,186,265,595,
 9:31,02.92,,,,,,,,,,97,385,-490,
 9:31,02.94,,,,,,,,,,115,433,-75,
 9:31,02.95,,,,,,,,,,132,174,-97,
 9:31,02.96,,,,,,,,,,186,300,528,
 9:31,02.98,,,,,,,,,,198,136,601,
 9:31,02.99,,,,,,,,,,115,454,-216,
 9:31,03.00,,,,,,,,,,168,345,420,
 9:31,03.02,,,,,,,,,,100,309,-457,
 9:31,03.03,,,,,,,,,,198,171,655,
 9:31,03.05,,,,,,,,,,162,124,228,
 9:31,03.06,,,,,,,,,,156,382,264,
 9:31,03.07,,,,,,,,,,201,204,661,
 9:31,03.09,,,,,,,,,,97,429,-435,
 9:31,03.10,,,,,,,,,,174,121,370,
 9:31,03.12,,,,,,,,,,120,222,-255,
 9:31,03.13,,,,,,,,,,190,250,628,
 9:31,03.14,,,,,,,,,,183,127,496,
 9:31,03.16,,,,,,,,,,127,435,-43,
 9:31,03.17,,,,,,,,,,126,180,-109,
 9:31,03.18,,,,,,,,,,97,361,-492,
 9:31,03.20,,,,,,,,,,198,138,595,
 9:31,03.21,,,,,,,,,,142,151,27,
 9:31,03.23,,,,,,,,,,168,342,439,
 9:31,03.24,,,,,,,,,,96,322,-465,
 9:31,03.25,,,,,,,,,,105,451,-313,
 9:31,03.26,,,,,,,,,,157,133,189,
 9:31,03.28,,,,,,,,,,102,271,-400,
 9:31,03.29,,,,,,,,,,192,196,667,
 9:31,03.31,,,,,,,,,,103,429,-418,
 9:31,03.32,,,,,,,,,,139,406,144,
 9:31,03.33,,,,,,,,,,111,226,-285,
 9:31,03.35,,,,,,,,,,91,408,-478,
 9:31,03.36,,,,,,,,,,184,120,471,
 9:31,03.38,,,,,,,,,,133,433,-9,
 9:31,03.39,,,,,,,,,,184,289,576,
 9:31,03.41,,,,,,,,,,94,372,-504,
 9:31,03.42,,,,,,,,,,118,445,-154,
 9:31,03.43,,,,,,,,,,142,160,1,
 9:31,03.44,,,,,,,,,,174,331,462,
 9:31,03.46,,,,,,,,,,196,162,633,
 9:31,03.47,,,,,,,,,,103,448,-294,
 9:31,03.49,,,,,,,,,,157,366,331,
 9:31,03.50,,,,,,,,,,103,279,-412,
 9:31,03.51,,,,,,,,,,193,184,670,
 9:31,03.53,,,,,,,,,,166,120,304,
 9:31,03.54,,,,,,,,,,153,400,189,
 9:31,03.55,,,,,,,,,,196,232,654,
 9:31,03.57,,,,,,,,,,94,412,-453,
 9:31,03.58,,,,,,,,,,180,114,408,
 9:31,03.60,,,,,,,,,,121,205,-214,
 9:31,03.61,,,,,,,,,,192,273,606,
 9:31,03.62,,,,,,,,,,192,120,531,
 9:31,03.64,,,,,,,,,,126,439,-90,
 9:31,03.65,,,,,,,,,,139,174,-67,
 9:31,03.67,,,,,,,,,,100,345,-490,
 9:31,03.68,,,,,,,,,,196,144,619,
 9:31,03.69,,,,,,,,,,120,451,-226,
 9:31,03.71,,,,,,,,,,171,355,402,
 9:31,03.72,,,,,,,,,,103,304,-459,
 9:31,03.73,,,,,,,,,,108,442,-352,
 9:31,03.75,,,,,,,,,,166,126,237,
 9:31,03.76,,,,,,,,,,154,387,264,
 9:31,03.78,,,,,,,,,,192,208,657,
 9:31,03.79,,,,,,,,,,102,423,-444,
 9:31,03.80,,,,,,,,,,133,414,108,
 9:31,03.82,,,,,,,,,,121,213,-255,
 9:31,03.83,,,,,,,,,,198,256,622,
 9:31,03.84,,,,,,,,,,195,127,501,
 9:31,03.86,,,,,,,,,,130,441,-63,
 9:31,03.87,,,,,,,,,,183,306,544,
 9:31,03.89,,,,,,,,,,97,357,-496,
 9:31,03.90,,,,,,,,,,201,144,595,
 9:31,03.91,,,,,,,,,,153,138,45,
 9:31,03.93,,,,,,,,,,168,343,436,
 9:31,03.94,,,,,,,,,,189,157,658,
 9:31,03.96,,,,,,,,,,108,451,-324,
 9:31,03.97,,,,,,,,,,168,129,198,
 9:31,03.98,,,,,,,,,,112,265,-397,
 9:31,04.00,,,,,,,,,,201,199,666,
 9:31,04.01,,,,,,,,,,175,112,346,
 9:31,04.02,,,,,,,,,,145,408,133,
 9:31,04.04,,,,,,,,,,126,222,-289,
 9:31,04.05,,,,,,,,,,94,396,-481,
 9:31,04.07,,,,,,,,,,187,114,472,
 9:31,04.08,,,,,,,,,,135,187,-156,
 9:31,04.09,,,,,,,,,,178,286,565,
 9:31,04.10,,,,,,,,,,94,366,-501,
 9:31,04.12,,,,,,,,,,126,444,-163,
 9:31,04.13,,,,,,,,,,142,147,4,
 9:31,04.15,,,,,,,,,,106,328,-472,
 9:31,04.16,,,,,,,,,,204,160,643,
 9:31,04.17,,,,,,,,,,109,439,-297,
 9:31,04.19,,,,,,,,,,168,364,325,
 9:31,04.20,,,,,,,,,,102,289,-421,
 9:31,04.21,,,,,,,,,,99,436,-387,
 9:31,04.23,,,,,,,,,,177,124,283,
 9:31,04.25,,,,,,,,,,150,397,207,
 9:31,04.26,,,,,,,,,,198,223,657,
 9:31,04.27,,,,,,,,,,96,412,-454,
 9:31,04.28,,,,,,,,,,136,427,63,
 9:31,04.30,,,,,,,,,,126,204,-205,
 9:31,04.31,,,,,,,,,,189,271,613,
 9:31,04.33,,,,,,,,,,186,123,532,
 9:31,04.34,,,,,,,,,,121,442,-109,
 9:31,04.35,,,,,,,,,,142,171,-63,
 9:31,04.37,,,,,,,,,,103,340,-489,
 9:31,04.38,,,,,,,,,,195,150,621,
 9:31,04.39,,,,,,,,,,159,138,90,
 9:31,04.41,,,,,,,,,,171,358,387,
 9:31,04.42,,,,,,,,,,97,304,-445,
 9:31,04.44,,,,,,,,,,108,441,-357,
 9:31,04.45,,,,,,,,,,166,124,256,
 9:31,04.46,,,,,,,,,,111,250,-354,
 9:31,04.48,,,,,,,,,,202,216,660,
 9:31,04.49,,,,,,,,,,102,418,-453,
 9:31,04.50,,,,,,,,,,142,420,78,
 9:31,04.52,,,,,,,,,,120,216,-226,
 9:31,04.53,,,,,,,,,,96,388,-498,
 9:31,04.55,,,,,,,,,,189,118,520,
 9:31,04.56,,,,,,,,,,127,448,-82,
 9:31,04.57,,,,,,,,,,177,298,523,
 9:31,04.59,,,,,,,,,,94,348,-501,
 9:31,04.60,,,,,,,,,,111,444,-222,
 9:31,04.62,,,,,,,,,,154,141,69,
 9:31,04.63,,,,,,,,,,165,352,409,
 9:31,04.64,,,,,,,,,,204,172,655,
 9:31,04.66,,,,,,,,,,96,439,-348,
 9:31,04.67,,,,,,,,,,154,393,267,
 9:31,04.68,,,,,,,,,,103,259,-369,
 9:31,04.70,,,,,,,,,,195,205,673,
 9:31,04.71,,,,,,,,,,183,117,381,
 9:31,04.73,,,,,,,,,,144,418,109,
 9:31,04.74,,,,,,,,,,189,250,625,
 9:31,04.75,,,,,,,,,,91,393,-496,
 9:31,04.76,,,,,,,,,,183,126,501,
 9:31,04.78,,,,,,,,,,135,174,-112,
 9:31,04.79,,,,,,,,,,180,297,550,
 9:31,04.81,,,,,,,,,,196,142,597,
 9:31,04.82,,,,,,,,,,118,453,-205,
 9:31,04.83,,,,,,,,,,142,151,16,
 9:31,04.85,,,,,,,,,,97,315,-475,
 9:31,04.86,,,,,,,,,,189,151,648,
 9:31,04.87,,,,,,,,,,162,123,174,
 9:31,04.89,,,,,,,,,,162,375,324,
 9:31,04.91,,,,,,,,,,106,277,-411,
 9:31,04.92,,,,,,,,,,93,433,-405,
 9:31,04.93,,,,,,,,,,169,115,319,
 9:31,04.94,,,,,,,,,,153,400,-303,
 9:31,04.96,,,,,,,,,,196,234,646,
 9:31,04.97,,,,,,,,,,94,412,-480,
 9:31,04.99,,,,,,,,,,138,436,6,
 9:31,05.00,,,,,,,,,,129,190,-169,
 9:31,05.01,,,,,,,,,,186,274,586,
 9:31,05.03,,,,,,,,,,193,132,565,
 9:31,05.04,,,,,,,,,,123,438,-133,
 9:31,05.05,,,,,,,,,,172,319,483,
 9:31,05.07,,,,,,,,,,94,333,-484,
 9:31,05.08,,,,,,,,,,199,150,636,
 9:31,05.10,,,,,,,,,,160,129,135,
 9:31,05.11,,,,,,,,,,163,372,352,
 9:31,05.12,,,,,,,,,,202,181,664,
 9:31,05.14,,,,,,,,,,100,432,-387,
 9:31,05.15,,,,,,,,,,169,124,294,
 9:31,05.16,,,,,,,,,,117,243,-321,
 9:31,05.18,,,,,,,,,,193,223,657,
 9:31,05.19,,,,,,,,,,184,112,430,
 9:31,05.21,,,,,,,,,,130,426,42,
 9:31,05.22,,,,,,,,,,129,190,-196,
 9:31,05.23,,,,,,,,,,96,375,-502,
 9:31,05.25,,,,,,,,,,196,127,540,
 9:31,05.26,,,,,,,,,,147,165,-52,
 9:31,05.28,,,,,,,,,,178,324,502,
 9:31,05.29,,,,,,,,,,96,336,-489,
 9:31,05.30,,,,,,,,,,112,450,-258,
 9:31,05.32,,,,,,,,,,160,130,121,
 9:31,05.33,,,,,,,,,,108,288,-424,
 9:31,05.34,,,,,,,,,,196,180,675,
 9:31,05.36,,,,,,,,,,96,438,-369,
 9:31,05.37,,,,,,,,,,147,399,217,
 9:31,05.39,,,,,,,,,,108,253,-334,
 9:31,05.40,,,,,,,,,,97,414,-450,
 9:31,05.41,,,,,,,,,,187,117,427,
 9:31,05.42,,,,,,,,,,138,432,52,
 9:31,05.44,,,,,,,,,,193,256,609,
 9:31,05.45,,,,,,,,,,91,388,-493,
 9:31,05.47,,,,,,,,,,129,442,-63,
 9:31,05.48,,,,,,,,,,142,169,-96,
 9:31,05.50,,,,,,,,,,178,298,534,
 9:31,05.51,,,,,,,,,,190,145,610,
 9:31,05.52,,,,,,,,,,111,447,-211,
 9:31,05.54,,,,,,,,,,169,349,424,
 9:31,05.55,,,,,,,,,,100,304,-457,
 9:31,05.57,,,,,,,,,,196,166,658,
 9:31,05.58,,,,,,,,,,168,129,226,
 9:31,05.59,,,,,,,,,,160,388,279,
 9:31,05.60,,,,,,,,,,204,211,667,
 9:31,05.62,,,,,,,,,,99,420,-429,
 9:31,05.63,,,,,,,,,,175,114,372,
 9:31,05.65,,,,,,,,,,121,222,-265,
 9:31,05.66,,,,,,,,,,187,249,631,
 9:31,05.67,,,,,,,,,,100,400,-481,
 9:31,05.69,,,,,,,,,,127,441,-48,
 9:31,05.70,,,,,,,,,,133,175,-109,
 9:31,05.71,,,,,,,,,,94,358,-495,
 9:31,05.73,,,,,,,,,,199,141,595,
 9:31,05.74,,,,,,,,,,118,447,-192,
 9:31,05.76,,,,,,,,,,174,343,430,
 9:31,05.77,,,,,,,,,,102,315,-457,
 9:31,05.78,,,,,,,,,,106,447,-322,
 9:31,05.80,,,,,,,,,,165,124,204,
 9:31,05.81,,,,,,,,,,162,381,187,
 9:31,05.82,,,,,,,,,,181,231,289,
 9:31,05.84,,,,,,,,,,129,360,-55,
 9:31,05.85,,,,,,,,,,162,340,154,
 9:31,05.87,,,,,,,,,,153,175,189,
 9:31,05.88,,,,,,,,,,141,339,126,
 9:31,05.89,,,,,,,,,,159,244,312,
 9:31,05.91,,,,,,,,,,129,370,-130,
 9:31,05.92,,,,,,,,,,135,366,60,
 9:31,05.94,,,,,,,,,,145,240,-16,
 9:31,05.95,,,,,,,,,,153,264,282,
 9:31,05.96,,,,,,,,,,153,175,271,
 9:31,05.98,,,,,,,,,,130,376,-13,
 9:31,05.99,,,,,,,,,,147,289,235,
 9:31,06.00,,,,,,,,,,144,325,-135,
 9:31,06.02,,,,,,,,,,154,199,303,
 9:31,06.03,,,,,,,,,,156,195,106,
 9:31,06.05,,,,,,,,,,139,322,184,
 9:31,06.06,,,,,,,,,,162,207,319,
 9:31,06.07,,,,,,,,,,129,375,-109,
 9:31,06.08,,,,,,,,,,144,184,175,
 9:31,06.10,,,,,,,,,,138,273,-82,
 9:31,06.11,,,,,,,,,,151,223,312,
 9:31,06.13,,,,,,,,,,169,174,217,
 9:31,06.14,,,,,,,,,,138,360,73,
 9:31,06.16,,,,,,,,,,150,246,-37,
 9:31,06.17,,,,,,,,,,138,357,-148,
 9:31,06.18,,,,,,,,,,156,180,258,
 9:31,06.20,,,,,,,,,,150,225,18,
 9:31,06.21,,,,,,,,,,145,285,256,
 9:31,06.23,,,,,,,,,,139,334,-144,
 9:31,06.24,,,,,,,,,,133,382,-39,
 9:31,06.25,,,,,,,,,,154,198,90,
 9:31,06.26,,,,,,,,,,138,316,-123,
 9:31,06.28,,,,,,,,,,160,202,312,
 9:31,06.29,,,,,,,,,,136,391,-85,
 9:31,06.31,,,,,,,,,,135,339,159,
 9:31,06.32,,,,,,,,,,141,286,-85,
 9:31,06.33,,,,,,,,,,153,225,315,
 9:31,06.35,,,,,,,,,,157,175,199,
 9:31,06.36,,,,,,,,,,136,358,94,
 9:31,06.37,,,,,,,,,,151,241,291,
 9:31,06.39,,,,,,,,,,129,364,-145,
 9:31,06.40,,,,,,,,,,160,180,246,
 9:31,06.42,,,,,,,,,,159,235,6,
 9:31,06.43,,,,,,,,,,150,282,273,
 9:31,06.44,,,,,,,,,,159,187,280,
 9:31,06.46,,,,,,,,,,138,382,-30,
 9:31,06.47,,,,,,,,,,154,204,64,
 9:31,06.49,,,,,,,,,,138,321,-130,
 9:31,06.50,,,,,,,,,,162,198,312,
 9:31,06.51,,,,,,,,,,156,192,135,
 9:31,06.53,,,,,,,,,,145,333,162,
 9:31,06.54,,,,,,,,,,139,291,-105,
 9:31,06.55,,,,,,,,,,136,385,-121,
 9:31,06.57,,,,,,,,,,165,186,189,
 9:31,06.58,,,,,,,,,,142,261,-60,
 9:31,06.60,,,,,,,,,,159,231,298,
 9:31,06.61,,,,,,,,,,138,372,-139,
 9:31,06.62,,,,,,,,,,141,367,33,
 9:31,06.64,,,,,,,,,,153,232,-4,
 9:31,06.65,,,,,,,,,,139,342,-138,
 9:31,06.66,,,,,,,,,,150,187,277,
 9:31,06.68,,,,,,,,,,132,372,-22,
 9:31,06.69,,,,,,,,,,153,295,223,
 9:31,06.71,,,,,,,,,,136,328,-133,
 9:31,06.72,,,,,,,,,,135,391,-58,
 9:31,06.73,,,,,,,,,,159,198,108,
 9:31,06.75,,,,,,,,,,145,325,189,
 9:31,06.76,,,,,,,,,,148,214,315,
 9:31,06.78,,,,,,,,,,123,381,-102,
 9:31,06.79,,,,,,,,,,132,349,126,
 9:31,06.80,,,,,,,,,,147,271,-73,
 9:31,06.82,,,,,,,,,,154,229,307,
 9:31,06.83,,,,,,,,,,160,175,216,
 9:31,06.84,,,,,,,,,,139,367,69,
 9:31,06.86,,,,,,,,,,150,252,291,
 9:31,06.87,,,,,,,,,,142,348,-145,
 9:31,06.89,,,,,,,,,,162,178,274,
 9:31,06.90,,,,,,,,,,148,219,30,
 9:31,06.91,,,,,,,,,,144,286,250,
 9:31,06.92,,,,,,,,,,160,193,298,
 9:31,06.94,,,,,,,,,,133,390,-52,
 9:31,06.95,,,,,,,,,,154,199,96,
 9:31,06.97,,,,,,,,,,145,309,-124,
 9:31,06.98,,,,,,,,,,151,213,318,
 9:31,07.00,,,,,,,,,,159,183,160,
 9:31,07.01,,,,,,,,,,136,343,139,
 9:31,07.02,,,,,,,,,,144,276,-82,
 9:31,07.03,,,,,,,,,,135,379,-127,
 9:31,07.05,,,,,,,,,,154,184,220,
 9:31,07.06,,,,,,,,,,138,363,-37,
 9:31,07.08,,,,,,,,,,151,262,286,
 9:31,07.09,,,,,,,,,,147,357,-145,
 9:31,07.10,,,,,,,,,,132,376,9,
 9:31,07.12,,,,,,,,,,150,220,31,
 9:31,07.13,,,,,,,,,,147,285,246,
 9:31,07.15,,,,,,,,,,165,192,289,
 9:31,07.16,,,,,,,,,,136,382,-46,
 9:31,07.17,,,,,,,,,,144,312,198,
 9:31,07.19,,,,,,,,,,138,304,-133,
 9:31,07.20,,,,,,,,,,151,208,312,
 9:31,07.21,,,,,,,,,,160,187,150,
 9:31,07.23,,,,,,,,,,136,342,148,
 9:31,07.24,,,,,,,,,,148,226,301,
 9:31,07.26,,,,,,,,,,130,376,-127,
 9:31,07.27,,,,,,,,,,157,180,208,
 9:31,07.28,,,,,,,,,,151,250,-40,
 9:31,07.30,,,,,,,,,,145,259,300,
 9:31,07.31,,,,,,,,,,156,181,258,
 9:31,07.32,,,,,,,,,,138,376,15,
 9:31,07.34,,,,,,,,,,150,228,22,
 9:31,07.35,,,,,,,,,,142,343,-145,
 9:31,07.37,,,,,,,,,,154,181,285,
 9:31,07.38,,,,,,,,,,154,207,67,
 9:31,07.39,,,,,,,,,,142,306,225,
 9:31,07.41,,,,,,,,,,139,318,-132,
 9:31,07.42,,,,,,,,,,132,381,-85,
 9:31,07.44,,,,,,,,,,156,199,124,
 9:31,07.45,,,,,,,,,,136,289,-102,
 9:31,07.46,,,,,,,,,,157,222,306,
 9:31,07.48,,,,,,,,,,136,385,-114,
 9:31,07.49,,,,,,,,,,136,355,109,
 9:31,07.50,,,,,,,,,,147,264,-57,
 9:31,07.52,,,,,,,,,,135,361,-136,
 9:31,07.53,,,,,,,,,,157,183,232,
 9:31,07.55,,,,,,,,,,132,369,43,
 9:31,07.56,,,,,,,,,,144,259,273,
 9:31,07.57,,,,,,,,,,132,351,-153,
 9:31,07.58,,,,,,,,,,139,381,-10,
 9:31,07.60,,,,,,,,,,153,214,49,
 9:31,07.61,,,,,,,,,,148,297,225,
 9:31,07.63,,,,,,,,,,156,189,303,
 9:31,07.64,,,,,,,,,,127,384,-72,
 9:31,07.66,,,,,,,,,,141,327,181,
 9:31,07.67,,,,,,,,,,148,304,-115,
 9:31,07.68,,,,,,,,,,148,214,312,
 9:31,07.70,,,,,,,,,,153,186,169,
 9:31,07.71,,,,,,,,,,138,348,115,
 9:31,07.73,,,,,,,,,,148,231,298,
 9:31,07.74,,,,,,,,,,147,372,-139,
 9:31,07.75,,,,,,,,,,159,177,228,
 9:31,07.76,,,,,,,,,,145,241,-18,
 9:31,07.78,,,,,,,,,,151,264,280,
 9:31,07.79,,,,,,,,,,153,180,273,
 9:31,07.81,,,,,,,,,,130,382,-3,
 9:31,07.82,,,,,,,,,,153,217,40,
 9:31,07.83,,,,,,,,,,132,327,-139,
 9:31,07.85,,,,,,,,,,157,184,300,
 9:31,07.86,,,,,,,,,,126,378,102,
 9:31,07.87,,,,,,,,,,142,316,187,
 9:31,07.89,,,,,,,,,,133,298,-117,
 9:31,07.90,,,,,,,,,,139,385,-105,
 9:31,07.92,,,,,,,,,,157,190,160,
 9:31,07.93,,,,,,,,,,142,342,135,
 9:31,07.94,,,,,,,,,,148,231,309,
 9:31,07.96,,,,,,,,,,135,363,-132,
 9:31,07.97,,,,,,,,,,129,367,73,
 9:31,07.99,,,,,,,,,,151,255,-45,
 9:31,08.00,,,,,,,,,,145,252,292,
 9:31,08.01,,,,,,,,,,162,175,262,
 9:31,08.03,,,,,,,,,,136,373,27,
 9:31,08.04,,,,,,,,,,145,274,261,
 9:31,08.05,,,,,,,,,,142,342,-147,
 9:31,08.07,,,,,,,,,,157,189,282,
 9:31,08.08,,,,,,,,,,154,201,69,
 9:31,08.10,,,,,,,,,,145,294,217,
 9:31,08.11,,,,,,,,,,160,208,310,
 9:31,08.12,,,,,,,,,,129,384,-84,
 9:31,08.14,,,,,,,,,,153,184,133,
 9:31,08.15,,,,,,,,,,144,283,-96,
 9:31,08.16,,,,,,,,,,159,219,313,
 9:31,08.18,,,,,,,,,,154,178,196,
 9:31,08.19,,,,,,,,,,138,355,96,
 9:31,08.21,,,,,,,,,,150,259,-60,
 9:31,08.22,,,,,,,,,,124,369,-138,
 9:31,08.23,,,,,,,,,,150,184,249,
 9:31,08.25,,,,,,,,,,144,220,12,
 9:31,08.26,,,,,,,,,,147,279,267,
 9:31,08.28,,,,,,,,,,141,346,-142,
 9:31,08.29,,,,,,,,,,127,378,-36,
 9:31,08.30,,,,,,,,,,147,208,72,
 9:31,08.32,,,,,,,,,,138,322,-126,
 9:31,08.33,,,,,,,,,,157,196,310,
 9:31,08.34,,,,,,,,,,133,387,-81,
 9:31,08.36,,,,,,,,,,136,330,162,
 9:31,08.37,,,,,,,,,,144,286,-106,
 9:31,08.39,,,,,,,,,,142,373,-114,
 9:31,08.40,,,,,,,,,,159,180,190,
 9:31,08.41,,,,,,,,,,133,357,102,
 9:31,08.42,,,,,,,,,,150,246,303,
 9:31,08.44,,,,,,,,,,135,369,-141,
 9:31,08.45,,,,,,,,,,126,370,39,
 9:31,08.47,,,,,,,,,,151,229,-3,
 9:31,08.48,,,,,,,,,,144,273,264,
 9:31,08.50,,,,,,,,,,151,186,277,
 9:31,08.51,,,,,,,,,,141,381,-33,
 9:31,08.52,,,,,,,,,,145,300,229,
 9:31,08.53,,,,,,,,,,142,324,-133,
 9:31,08.55,,,,,,,,,,154,201,301,
 9:31,08.56,,,,,,,,,,159,195,126,
 9:31,08.58,,,,,,,,,,151,331,163,
 9:31,08.59,,,,,,,,,,142,216,319,
 9:31,08.60,,,,,,,,,,129,381,-115,
 9:31,08.62,,,,,,,,,,168,183,177,
 9:31,08.63,,,,,,,,,,150,277,-72,
 9:31,08.65,,,,,,,,,,148,240,310,
 9:31,08.66,,,,,,,,,,138,373,-129,
 9:31,08.67,,,,,,,,,,139,360,57,
 9:31,08.69,,,,,,,,,,151,240,-22,
 9:31,08.70,,,,,,,,,,136,351,-151,
 9:31,08.71,,,,,,,,,,157,177,268,
 9:31,08.73,,,,,,,,,,141,379,-3,
 9:31,08.74,,,,,,,,,,148,289,243,
 9:31,08.76,,,,,,,,,,141,327,-133,
 9:31,08.77,,,,,,,,,,127,385,-60,
 9:31,08.78,,,,,,,,,,156,201,111,
 9:31,08.80,,,,,,,,,,142,319,189,
 9:31,08.81,,,,,,,,,,153,208,315,
 9:31,08.82,,,,,,,,,,130,379,-106,
 9:31,08.84,,,,,,,,,,136,349,124,
 9:31,08.85,,,,,,,,,,141,277,-88,
 9:31,08.87,,,,,,,,,,147,229,312,
 9:31,08.88,,,,,,,,,,154,178,220,
 9:31,08.89,,,,,,,,,,133,360,69,
 9:31,08.91,,,,,,,,,,162,268,273,
 9:31,08.92,,,,,,,,,,135,352,-147,
 9:31,08.94,,,,,,,,,,154,172,273,
 9:31,08.95,,,,,,,,,,157,229,36,
 9:31,08.96,,,,,,,,,,141,285,243,
 9:31,08.98,,,,,,,,,,156,196,298,
 9:31,08.99,,,,,,,,,,139,388,-54,
 9:31,09.00,,,,,,,,,,157,198,100,
 9:31,09.02,,,,,,,,,,141,298,-121,
 9:31,09.03,,,,,,,,,,156,204,313,
 9:31,09.05,,,,,,,,,,156,189,163,
 9:31,09.06,,,,,,,,,,142,342,139,
 9:31,09.07,,,,,,,,,,142,279,-88,
 9:31,09.08,,,,,,,,,,133,376,-127,
 9:31,09.10,,,,,,,,,,103,304,-195,
 9:31,09.11,,,,,,,,,,103,370,-469,
 9:31,09.13,,,,,,,,,,190,120,561,
 9:31,09.14,,,,,,,,,,123,441,-100,
 9:31,09.16,,,,,,,,,,183,322,504,
 9:31,09.17,,,,,,,,,,102,331,-486,
 9:31,09.18,,,,,,,,,,112,441,-252,
 9:31,09.19,,,,,,,,,,156,136,109,
 9:31,09.21,,,,,,,,,,160,361,376,
 9:31,09.23,,,,,,,,,,192,181,661,
 9:31,09.24,,,,,,,,,,99,439,-366,
 9:31,09.25,,,,,,,,,,166,118,235,
 9:31,09.26,,,,,,,,,,106,259,-364,
 9:31,09.28,,,,,,,,,,199,205,658,
 9:31,09.29,,,,,,,,,,178,115,372,
 9:31,09.31,,,,,,,,,,150,418,103,
 9:31,09.32,,,,,,,,,,126,219,-255,
 9:31,09.33,,,,,,,,,,93,390,-489,
 9:31,09.35,,,,,,,,,,189,124,507,
 9:31,09.36,,,,,,,,,,133,180,-109,
 9:31,09.37,,,,,,,,,,186,298,552,
 9:31,09.39,,,,,,,,,,94,357,-495,
 9:31,09.40,,,,,,,,,,114,451,-204,
 9:31,09.42,,,,,,,,,,145,145,40,
 9:31,09.43,,,,,,,,,,96,307,-469,
 9:31,09.44,,,,,,,,,,196,163,643,
 9:31,09.46,,,,,,,,,,105,450,-319,
 9:31,09.47,,,,,,,,,,156,379,297,
 9:31,09.48,,,,,,,,,,111,261,-385,
 9:31,09.50,,,,,,,,,,102,432,-421,
 9:31,09.51,,,,,,,,,,184,121,348,
 9:31,09.53,,,,,,,,,,148,414,133,
 9:31,09.54,,,,,,,,,,201,244,634,
 9:31,09.55,,,,,,,,,,99,402,-477,
 9:31,09.57,,,,,,,,,,121,435,-25,
 9:31,09.58,,,,,,,,,,132,184,-142,
 9:31,09.60,,,,,,,,,,183,292,565,
 9:31,09.61,,,,,,,,,,195,130,571,
 9:31,09.62,,,,,,,,,,123,444,-168,
 9:31,09.64,,,,,,,,,,168,330,459,
 9:31,09.65,,,,,,,,,,102,324,-472,
 9:31,09.66,,,,,,,,,,202,162,645,
 9:31,09.68,,,,,,,,,,154,129,175,
 9:31,09.69,,,,,,,,,,153,378,324,
 9:31,09.71,,,,,,,,,,202,195,669,
 9:31,09.72,,,,,,,,,,100,438,-406,
 9:31,09.73,,,,,,,,,,169,118,324,
 9:31,09.75,,,,,,,,,,127,234,-297,
 9:31,09.76,,,,,,,,,,192,235,646,
 9:31,09.77,,,,,,,,,,175,120,457,
 9:31,09.79,,,,,,,,,,138,435,7,
 9:31,09.80,,,,,,,,,,124,192,-162,
 9:31,09.82,,,,,,,,,,99,375,-498,
 9:31,09.83,,,,,,,,,,187,123,561,
 9:31,09.84,,,,,,,,,,144,160,-15,
 9:31,09.86,,,,,,,,,,175,327,480,
 9:31,09.87,,,,,,,,,,94,327,-483,
 9:31,09.89,,,,,,,,,,111,448,-250,
 9:31,09.90,,,,,,,,,,156,139,106,
 9:31,09.91,,,,,,,,,,162,354,381,
 9:31,09.92,,,,,,,,,,202,175,667,
 9:31,09.94,,,,,,,,,,105,445,-363,
 9:31,09.95,,,,,,,,,,151,390,232,
 9:31,09.97,,,,,,,,,,108,246,-352,
 9:31,09.98,,,,,,,,,,201,222,654,
 9:31,10.00,,,,,,,,,,181,112,406,
 9:31,10.01,,,,,,,,,,142,423,64,
 9:31,10.02,,,,,,,,,,186,264,613,
 9:31,10.03,,,,,,,,,,87,391,-489,
 9:31,10.05,,,,,,,,,,189,114,528,
 9:31,10.06,,,,,,,,,,135,168,-81,
 9:31,10.08,,,,,,,,,,171,309,529,
 9:31,10.09,,,,,,,,,,198,139,609,
 9:31,10.10,,,,,,,,,,120,441,-225,
 9:31,10.12,,,,,,,,,,151,141,73,
 9:31,10.13,,,,,,,,,,99,304,-447,
 9:31,10.14,,,,,,,,,,199,166,657,
 9:31,10.16,,,,,,,,,,166,129,234,
 9:31,10.17,,,,,,,,,,153,384,261,
 9:31,10.19,,,,,,,,,,109,262,-373,
 9:31,10.20,,,,,,,,,,97,430,-429,
 9:31,10.21,,,,,,,,,,180,117,375,
 9:31,10.23,,,,,,,,,,121,225,-268,
 9:31,10.24,,,,,,,,,,195,249,627,
 9:31,10.26,,,,,,,,,,94,394,-487,
 9:31,10.27,,,,,,,,,,123,436,-46,
 9:31,10.28,,,,,,,,,,133,186,-124,
 9:31,10.30,,,,,,,,,,93,367,-505,
 9:31,10.31,,,,,,,,,,198,130,585,
 9:31,10.32,,,,,,,,,,117,451,-193,
 9:31,10.34,,,,,,,,,,169,343,448,
 9:31,10.35,,,,,,,,,,96,319,-463,
 9:31,10.37,,,,,,,,,,109,439,-324,
 9:31,10.38,,,,,,,,,,163,126,186,
 9:31,10.39,,,,,,,,,,162,381,304,
 9:31,10.41,,,,,,,,,,199,192,666,
 9:31,10.42,,,,,,,,,,94,430,-414,
 9:31,10.43,,,,,,,,,,151,411,157,
 9:31,10.45,,,,,,,,,,115,222,-291,
 9:31,10.46,,,,,,,,,,193,247,642,
 9:31,10.48,,,,,,,,,,177,115,471,
 9:31,10.49,,,,,,,,,,126,432,-4,
 9:31,10.50,,,,,,,,,,139,187,591,
 9:31,10.52,,,,,,,,,,97,379,-495,
 9:31,10.53,,,,,,,,,,195,124,546,
 9:31,10.55,,,,,,,,,,144,166,-36,
 9:31,10.56,,,,,,,,,,177,312,502,
 9:31,10.57,,,,,,,,,,100,337,-493,
 9:31,10.58,,,,,,,,,,114,450,-265,
 9:31,10.60,,,,,,,,,,150,139,118,
 9:31,10.61,,,,,,,,,,103,286,-435,
 9:31,10.63,,,,,,,,,,189,177,663,
 9:31,10.64,,,,,,,,,,102,444,-376,
 9:31,10.66,,,,,,,,,,150,405,219,
 9:31,10.67,,,,,,,,,,117,246,-349,
 9:31,10.68,,,,,,,,,,97,417,-457,
 9:31,10.69,,,,,,,,,,180,115,406,
 9:31,10.71,,,,,,,,,,135,426,60,
 9:31,10.72,,,,,,,,,,192,259,606,
 9:31,10.74,,,,,,,,,,93,382,-496,
 9:31,10.75,,,,,,,,,,120,447,-90,
 9:31,10.76,,,,,,,,,,136,171,-70,
 9:31,10.78,,,,,,,,,,178,307,516,
 9:31,10.79,,,,,,,,,,195,139,615,
 9:31,10.81,,,,,,,,,,117,451,-231,
 9:31,10.82,,,,,,,,,,165,348,397,
 9:31,10.83,,,,,,,,,,109,310,-447,
 9:31,10.85,,,,,,,,,,201,181,661,
 9:31,10.86,,,,,,,,,,160,118,237,
 9:31,10.87,,,,,,,,,,159,387,256,
 9:31,10.89,,,,,,,,,,201,214,664,
 9:31,10.90,,,,,,,,,,93,417,-439,
 9:31,10.92,,,,,,,,,,177,115,381,
 9:31,10.93,,,,,,,,,,124,213,-249,
 9:31,10.94,,,,,,,,,,199,258,619,
 9:31,10.96,,,,,,,,,,175,115,499,
 9:31,10.97,,,,,,,,,,120,444,-55,
 9:31,10.98,,,,,,,,,,136,187,-108,
 9:31,11.00,,,,,,,,,,97,358,-505,
 9:31,11.01,,,,,,,,,,195,133,597,
 9:31,11.03,,,,,,,,,,153,141,45,
 9:31,11.04,,,,,,,,,,166,340,427,
 9:31,11.05,,,,,,,,,,99,306,-463,
 9:31,11.07,,,,,,,,,,103,448,-330,
 9:31,11.08,,,,,,,,,,168,130,204,
 9:31,11.10,,,,,,,,,,108,268,-393,
 9:31,11.11,,,,,,,,,,198,199,666,
 9:31,11.12,,,,,,,,,,97,427,-424,
 9:31,11.14,,,,,,,,,,144,409,165,
 9:31,11.15,,,,,,,,,,115,231,-315,
 9:31,11.16,,,,,,,,,,196,403,-475,
 9:31,11.18,,,,,,,,,,184,118,456,
 9:31,11.19,,,,,,,,,,127,430,9,
 9:31,11.21,,,,,,,,,,183,280,577,
 9:31,11.22,,,,,,,,,,91,369,-502,
 9:31,11.23,,,,,,,,,,190,132,565,
 9:31,11.25,,,,,,,,,,141,163,-10,
 9:31,11.26,,,,,,,,,,172,334,474,
 9:31,11.27,,,,,,,,,,198,153,636,
 9:31,11.29,,,,,,,,,,105,442,-285,
 9:31,11.30,,,,,,,,,,160,130,156,
 9:31,11.32,,,,,,,,,,105,276,-420,
 9:31,11.33,,,,,,,,,,196,192,664,
 9:31,11.34,,,,,,,,,,162,115,306,
 9:31,11.35,,,,,,,,,,148,408,190,
 9:31,11.37,,,,,,,,,,120,234,-322,
 9:31,11.38,,,,,,,,,,93,414,-477,
 9:31,11.40,,,,,,,,,,186,121,442,
 9:31,11.41,,,,,,,,,,127,199,-187,
 9:31,11.42,,,,,,,,,,183,276,600,
 9:31,11.44,,,,,,,,,,94,381,-501,
 9:31,11.45,,,,,,,,,,118,444,-121,
 9:31,11.47,,,,,,,,,,144,165,-39,
 9:31,11.48,,,,,,,,,,99,336,-493,
 9:31,11.50,,,,,,,,,,187,156,624,
 9:31,11.51,,,,,,,,,,114,453,-258,
 9:31,11.52,,,,,,,,,,162,357,366,
 9:31,11.53,,,,,,,,,,103,297,-436,
 9:31,11.55,,,,,,,,,,100,444,-381,
 9:31,11.56,,,,,,,,,,171,129,270,
 9:31,11.58,,,,,,,,,,151,397,216,
 9:31,11.59,,,,,,,,,,202,222,660,
 9:31,11.60,,,,,,,,,,97,418,-453,
 9:31,11.62,,,,,,,,,,139,421,61,
 9:31,11.63,,,,,,,,,,126,199,-216,
 9:31,11.64,,,,,,,,,,195,273,606,
 9:31,11.66,,,,,,,,,,189,117,538,
 9:31,11.67,,,,,,,,,,118,438,-96,
 9:31,11.69,,,,,,,,,,168,312,511,
 9:31,11.70,,,,,,,,,,96,346,-493,
 9:31,11.71,,,,,,,,,,195,142,621,
 9:31,11.73,,,,,,,,,,162,139,99,
 9:31,11.74,,,,,,,,,,165,361,397,
 9:31,11.76,,,,,,,,,,199,178,664,
 9:31,11.77,,,,,,,,,,99,447,-334,
 9:31,11.78,,,,,,,,,,166,133,217,
 9:31,11.80,,,,,,,,,,112,261,-385,
 9:31,11.81,,,,,,,,,,204,210,670,
 9:31,11.82,,,,,,,,,,96,120,364,
 9:31,11.84,,,,,,,,,,142,418,111,
 9:31,11.85,,,,,,,,,,117,222,-259,
 9:31,11.87,,,,,,,,,,93,397,-492,
 9:31,11.88,,,,,,,,,,190,117,489,
 9:31,11.89,,,,,,,,,,129,435,-46,
 9:31,11.91,,,,,,,,,,180,295,550,
 9:31,11.92,,,,,,,,,,97,357,-502,
 9:31,11.93,,,,,,,,,,112,451,-198,
 9:31,11.95,,,,,,,,,,148,159,42,
 9:31,11.96,,,,,,,,,,175,343,433,
 9:31,11.98,,,,,,,,,,201,168,655,
 9:31,11.99,,,,,,,,,,105,451,-327,
 9:31,12.00,,,,,,,,,,157,376,294,
 9:31,12.01,,,,,,,,,,109,268,-384,
 9:31,12.03,,,,,,,,,,195,204,667,
 9:31,12.05,,,,,,,,,,183,120,369,
 9:31,12.06,,,,,,,,,,148,415,133,
 9:31,12.07,,,,,,,,,,189,243,634,
 9:31,12.08,,,,,,,,,,93,399,-480,
 9:31,12.10,,,,,,,,,,186,115,487,
 9:31,12.11,,,,,,,,,,135,181,-136,
 9:31,12.13,,,,,,,,,,189,288,562,
 9:31,12.14,,,,,,,,,,192,138,589,
 9:31,12.16,,,,,,,,,,112,448,-174,
 9:31,12.17,,,,,,,,,,142,154,21,
 9:31,12.18,,,,,,,,,,91,322,-471,
 9:31,12.19,,,,,,,,,,199,157,648,
 9:31,12.21,,,,,,,,,,163,126,175,
 9:31,12.22,,,,,,,,,,157,378,319,
 9:31,12.24,,,,,,,,,,111,277,-405,
 9:31,12.25,,,,,,,,,,91,435,-414,
 9:31,12.26,,,,,,,,,,172,120,328,
 9:31,12.28,,,,,,,,,,114,225,-292,
 9:31,12.29,,,,,,,,,,190,243,634,
 9:31,12.30,,,,,,,,,,97,408,-480,
 9:31,12.32,,,,,,,,,,130,433,0,
 9:31,12.33,,,,,,,,,,130,184,-156,
 9:31,12.35,,,,,,,,,,87,370,-496,
 9:31,12.36,,,,,,,,,,198,139,565,
 9:31,12.37,,,,,,,,,,123,439,-150,
 9:31,12.39,,,,,,,,,,178,327,477,
 9:31,12.40,,,,,,,,,,91,330,-492,
 9:31,12.42,,,,,,,,,,109,447,-258,
 9:31,12.43,,,,,,,,,,163,139,115,
 9:31,12.44,,,,,,,,,,166,358,366,
 9:31,12.46,,,,,,,,,,196,181,655,
 9:31,12.47,,,,,,,,,,97,439,-376,
 9:31,12.48,,,,,,,,,,171,117,217,
 9:31,12.50,,,,,,,,,,118,250,-343,
 9:31,12.51,,,,,,,,,,202,217,654,
 9:31,12.53,,,,,,,,,,180,109,423,
 9:31,12.54,,,,,,,,,,136,427,64,
 9:31,12.55,,,,,,,,,,129,204,-216,
 9:31,12.57,,,,,,,,,,91,387,-490,
 9:31,12.58,,,,,,,,,,192,127,529,
 9:31,12.59,,,,,,,,,,144,165,-69,
 9:31,12.61,,,,,,,,,,183,306,516,
 9:31,12.62,,,,,,,,,,94,348,-493,
 9:31,12.64,,,,,,,,,,112,448,-232,
 9:31,12.65,,,,,,,,,,153,136,88,
 9:31,12.66,,,,,,,,,,103,297,-448,
 9:31,12.67,,,,,,,,,,195,175,658,
 9:31,12.69,,,,,,,,,,99,435,-346,
 9:31,12.70,,,,,,,,,,162,391,247,
 9:31,12.72,,,,,,,,,,117,258,-366,
 9:31,12.73,,,,,,,,,,94,427,-436,
 9:31,12.75,,,,,,,,,,180,118,387,
 9:31,12.76,,,,,,,,,,145,424,91,
 9:31,12.77,,,,,,,,,,189,250,625,
 9:31,12.79,,,,,,,,,,91,396,-493,
 9:31,12.80,,,,,,,,,,124,444,-61,
 9:31,12.82,,,,,,,,,,139,174,-103,
 9:31,12.83,,,,,,,,,,186,300,546,
 9:31,12.84,,,,,,,,,,192,141,607,
 9:31,12.85,,,,,,,,,,114,447,-207,
 9:31,12.87,,,,,,,,,,162,340,424,
 9:31,12.88,,,,,,,,,,100,316,-465,
 9:31,12.90,,,,,,,,,,199,160,658,
 9:31,12.91,,,,,,,,,,162,123,205,
 9:31,12.92,,,,,,,,,,160,387,282,
 9:31,12.94,,,,,,,,,,207,202,669,
 9:31,12.95,,,,,,,,,,97,426,-432,
 9:31,12.96,,,,,,,,,,183,117,357,
 9:31,12.98,,,,,,,,,,114,223,-270,
 9:31,12.99,,,,,,,,,,190,246,636,
 9:31,13.01,,,,,,,,,,187,118,498,
 9:31,13.02,,,,,,,,,,124,433,-28,
 9:31,13.03,,,,,,,,,,127,190,-160,
 9:31,13.05,,,,,,,,,,88,378,-492,
 9:31,13.06,,,,,,,,,,195,126,562,
 9:31,13.08,,,,,,,,,,141,159,-1,
 9:31,13.09,,,,,,,,,,168,325,481,
 9:31,13.10,,,,,,,,,,99,334,-475,
 9:31,13.12,,,,,,,,,,103,456,-288,
 9:31,13.13,,,,,,,,,,160,135,148,
 9:31,13.14,,,,,,,,,,166,372,348,
 9:31,13.16,,,,,,,,,,189,187,675,
 9:31,13.17,,,,,,,,,,100,432,-381,
 9:31,13.19,,,,,,,,,,150,406,193,
 9:31,13.20,,,,,,,,,,124,240,-325,
 9:31,13.21,,,,,,,,,,192,231,652,
 9:31,13.23,,,,,,,,,,180,117,433,
 9:31,13.24,,,,,,,,,,139,438,36,
 9:31,13.25,,,,,,,,,,180,276,601,
 9:31,13.27,,,,,,,,,,93,382,-501,
 9:31,13.28,,,,,,,,,,190,124,534,
 9:31,13.30,,,,,,,,,,136,163,-49,
 9:31,13.31,,,,,,,,,,180,319,502,
 9:31,13.32,,,,,,,,,,198,154,625,
 9:31,13.33,,,,,,,,,,106,450,-264,
 9:31,13.35,,,,,,,,,,160,133,117,
 9:31,13.37,,,,,,,,,,100,294,-432,
 9:31,13.38,,,,,,,,,,201,189,660,
 9:31,13.39,,,,,,,,,,166,126,264,
 9:31,13.41,,,,,,,,,,153,400,213,
 9:31,13.42,,,,,,,,,,115,250,-348,
 9:31,13.43,,,,,,,,,,84,418,-448,
 9:31,13.45,,,,,,,,,,183,118,420,
 9:31,13.46,,,,,,,,,,124,210,-217,
 9:31,13.48,,,,,,,,,,187,262,601,
 9:31,13.49,,,,,,,,,,91,385,-493,
 9:31,13.50,,,,,,,,,,124,447,-100,
 9:31,13.51,,,,,,,,,,139,171,-61,
 9:31,13.53,,,,,,,,,,97,355,-486,
 9:31,13.54,,,,,,,,,,202,147,615,
 9:31,13.56,,,,,,,,,,109,454,-243,
 9:31,13.57,,,,,,,,,,172,363,391,
 9:31,13.58,,,,,,,,,,93,303,-441,
 9:31,13.60,,,,,,,,,,96,441,-364,
 9:31,13.61,,,,,,,,,,166,123,250,
 9:31,13.62,,,,,,,,,,150,399,240,
 9:31,13.64,,,,,,,,,,192,208,661,
 9:31,13.65,,,,,,,,,,103,417,-438,
 9:31,13.67,,,,,,,,,,132,418,114,
 9:31,13.68,,,,,,,,,,124,232,-265,
 9:31,13.69,,,,,,,,,,186,252,639,
 9:31,13.71,,,,,,,,,,193,115,487,
 9:31,13.72,,,,,,,,,,127,429,-33,
 9:31,13.74,,,,,,,,,,184,292,564,
 9:31,13.75,,,,,,,,,,88,363,-498,
 9:31,13.76,,,,,,,,,,195,136,586,
 9:31,13.78,,,,,,,,,,142,150,27,
 9:31,13.79,,,,,,,,,,174,331,442,
 9:31,13.80,,,,,,,,,,99,316,-474,
 9:31,13.82,,,,,,,,,,105,444,-309,
 9:31,13.83,,,,,,,,,,159,123,186,
 9:31,13.85,,,,,,,,,,108,271,-409,
 9:31,13.86,,,,,,,,,,187,196,670,
